x,y
-4.503285846988767,-5.1382643011711835
-4.352311461899308,-3.4769701435919744
-5.234153374723336,-5.234136956949182
-3.4207871844926085,-4.232565270847092
-5.469474385934952,-4.457439956414035
-5.463417692812462,-5.4657297535702565
-4.7580377284339646,-6.9132802446577974
-6.724917832513032,-5.5622875292409715
-6.012831120334424,-4.685752667404727
-5.908024075521211,-6.4123037013352935
-3.5343512310784466,-5.225776300486536
-4.932471795312076,-6.424748186213456
-5.5443827245251835,-4.889077410290134
-6.150993577422303,-4.6243019816543285
-5.600638689918804,-5.291693749793278
-5.601706612229396,-3.147721815491062
-5.013497224737934,-6.057710928955902
-4.177455087896811,-6.220843649971022
-4.791136404995244,-6.959670123879776
-6.328186048898431,-4.8031387641308765
-4.261533420004589,-4.82863171881003
-5.11564828238824,-5.301103695589289
-6.478521990367428,-5.719844208394709
-5.460638770959789,-3.942877773781084
-4.656381710431539,-6.7630401553627335
-4.6759160306052046,-5.3850822804163165
-5.676922000305959,-4.388323711159132
-3.969000477504049,-4.068719880883801
-5.839217523222637,-5.3092123758512155
-4.668736568596437,-4.024454872877642
-5.47917423784529,-5.1856589766638175
-6.106334974006027,-6.196206624080671
-4.187474177605802,-3.643759971429177
-5.072010121580334,-3.9964671021079763
-4.638363974952366,-5.645119754605124
-4.638604394491586,-3.4619634335340317
-5.035826039109952,-3.4353563441859936
-7.619745104089746,-4.178097495624776
-4.912952931761829,-5.299007350465868
-4.908239223464498,-6.987568914600892
-5.219671887837512,-4.642887428488254
-3.522105955258484,-5.5182702182736465
-5.808493602893188,-5.501757043584536
-4.084597882297927,-4.671248890340316
-5.529760203767038,-4.486732566886643
-4.90292245065196,-4.031355009467111
-5.702053093877352,-5.327662146597769
-5.392108153132159,-6.4635149481321195
-4.703879722935424,-4.738944727820112
-4.99488654335754,-5.234587133375147
-6.415370742050414,-5.420645322765359
-5.34271451652677,-5.802277269221619
-5.161285711666009,-4.595949143185462
-3.1138140987894696,-4.8254221871681615
-4.742449609277236,-5.0744459157661685
-6.918771215299041,-5.026513875449217
-4.939769790058974,-2.536757887514714
-5.192360964781122,-4.698452657666388
-5.034711769705243,-6.168678037619532
-3.85717718548498,-4.248066967313226
-4.208968052956953,-5.9093874547947385
-3.5972056890639013,-6.40185106279228
-4.413142906199731,-2.809544374190021
-5.990536325130688,-5.566297729602772
-4.900348634912358,-5.503475654116199
-6.550663431066133,-4.931437025193973
-6.062303713726106,-4.526407569364818
-5.919424234233802,-3.450065594982461
-5.783253292336237,-5.322061516205675
-4.18648278263033,-6.230864316433955
-4.77254006539587,-3.692857245717572
-6.607483234561228,-4.815366141467695
-4.740117205751576,-4.21817712822269
-6.236950710878083,-6.320456613084277
-4.478058434383104,-4.703015326766813
-4.749507149654123,-4.653551790503023
-5.680024721578491,-4.767746302838996
-4.706927526701318,-5.714351418026367
-3.134225488855243,-4.5261670790882125
-6.1913034972026475,-4.34344639136617
-5.974681670227321,-4.212915396257548
-3.841404420992596,-5.820682318351711
-4.036623870755679,-4.587219073063502
-4.17793984000551,-3.1032070173460533
-5.245388116002871,-5.7537361643574885
-5.889514429625522,-5.815810284965439
-5.077101709414103,-4.658848025183357
-4.7233092006699815,-4.1728167509639755
-4.986998108122092,-3.546465922842683
-5.264656833237956,-2.2798308334103807
-4.374332652234994,-5.857157556416283
-6.070892498061112,-4.517527584756816
-5.223462785325851,-4.285999505907908
-4.526762375426455,-5.072828912656873
-5.8467937180684055,-6.514847224685863
-5.446514952067021,-4.143601205676529
-4.785906255869795,-6.2457387787119885
-4.826819074148818,-4.614682620271164
-5.883857436201133,-4.8462748940544715
-4.941791281554,-6.142970297830622
-4.642212639651717,-4.439215473631767
-3.916948756824723,-3.946197947965097
-6.377669367957092,-5.937825039915122
-4.484964732791339,-4.486214049087791
-4.4849523136939515,-1.1472685093452788
-4.429109489306833,-3.8644343598194015
-4.045998236506797,-4.348608748694201
-5.315269244640347,-4.241030779506732
-5.772825214537573,-5.236818606740009
-5.485363547829103,-4.918125860613677
-2.6853414333264918,-6.8672651925917485
-4.313739809625487,-6.6127158711896525
-5.471931865789434,-3.9110494030326337
-4.935719980904537,-6.077744777929307
-5.715303709259969,-4.3204022510653255
-5.730366631717136,-4.783541410418025
-4.954428160096186,-5.651600347605817
-2.8560559106746743,-4.366080977681989
-7.025142586657608,-4.813545685230572
-5.661786464768388,-4.147566665203776
-5.7925207384327,-5.114736441466898
-4.495012721019543,-4.134244805829878
-6.200296407055776,-5.334501235840948
-5.4749453111609565,-5.6533292325737134
-3.234545759718903,-4.595018289039045
-6.2608839543350445,-4.082138052945224
-2.8778438029873668,-3.967534739448853
-6.519369965954013,-5.484234072866252
-3.7330888508133775,-5.707669465618781
-4.556180571853771,-4.225365946570664
-5.926930471578082,-5.059525356061799
-8.241267340069072,-6.0243876413342905
-5.25256815139316,-6.2477831819648495
-3.3675886960683648,-6.4301413779606325
-5.440044486696984,-4.869259422713909
-3.5587267109338843,-6.435862151179439
-3.83683624784504,-4.989766938980413
-5.981508651047951,-4.5378965257367305
-4.80094030442653,-5.600216877158794
-4.930197915009981,-5.385313596861759
-4.886482654748752,-4.3378693254789535
-3.413983183854648,-6.2378154988268495
-2.8669666253437334,-6.952087799522502
-5.151785095035582,-4.411682793515423
-4.719008132264968,-5.622699519820594
-5.208122250357276,-5.493000934658832
-5.589364756944212,-4.150397902978975
-4.6429845140349535,-5.692909595260653
-4.1004001245667485,-4.692700479123392
-4.18713788116104,-4.370371158076388
-5.828995010922072,-5.5601810401969685
-4.252706394876738,-4.389629734566535
-5.020901593964148,-4.882672616691218
-3.7223351042115755,-5.591571388835829
-4.452902618829962,-5.202192652433894
-5.217681203227222,-3.9012231480128103
-4.17458365101197,-4.186490363999361
-3.6945211928456714,-4.978996158367241
-4.3180470287050365,-5.310266756593457
-4.675833647511559,-5.130143054367685
-4.9030040350072825,-4.404842974563087
-5.818220683233472,-2.90761272431454
-6.006017381499702,-6.214188612787732
-3.841889126499933,-4.208337306037064
-4.375880182947846,-4.37165449073572
-5.0122467728469156,-5.897254371485832
-4.924195441806273,-5.677161711512111
-4.024880266582249,-5.1470573815021385
-5.825497196792512,-5.321385841652994
-4.587068545724375,-5.563724552803974
-5.822220395566433,-4.756312788508088
-4.755033428891277,-5.50694317537113
-5.471038305618323,-4.767950062642363
-6.448084341497324,-6.407463774376557
-5.718444221252437,-5.213447151711847
-4.689092434401996,-3.5246437830504482
-4.14234037679798,-5.159938529963426
-5.0190162079026885,-6.002529364637809
-5.01851313599239,-5.288658638920138
-4.67728143966191,-5.827230943552323
-4.480653485758828,-3.4672610869974223
-5.1087601484568586,-4.598288277901059
-4.309856008288889,-5.4012204718858365
-4.775907518189583,-4.987407599218205
-4.902323901451168,-5.773009783855468
-4.9754898257410565,-4.502001708754549
-3.548856392204958,-4.0407291739147935
-2.846817542488444,-5.76734756288805
-4.127679363279322,-4.816657994261648
-2.810197066782328,-5.808298285355152
-5.839721842180777,-5.599392645444021
-7.123895724309808,-5.525755021680761
-5.759132661553697,-4.849606213523792
-4.6582440242228405,-3.1238291607841138
-4.04957616181395,-5.576903655662403
-5.898414671348357,-4.508080828493495
-6.320233207020642,-3.1685412341456463
-3.8205598792787128,-5.469175652104704
-6.713134529090878,-3.6461276258345867
-5.114539845252618,-3.762183688026538
-6.594427658794367,-5.5993750229537715
-4.994756300281816,-4.953019406235258
-5.4500654714792445,-4.377150067652502
-6.067620429382593,-5.142379485021293
-4.879704368288102,-4.485561165941251
-4.2883851219111095,-6.1246420918378695
-6.534114170735623,-3.722323178101491
-4.667685988020408,-5.748486536556554
-3.4488480244774773,-4.8843253657071415
-3.8207028159361736,-4.932481518589892
-2.939252075118013,-3.244659157556796
-5.248964148479073,-4.028429049045645
-4.354624050414852,-3.6313684424676516
-5.9649234605801045,-4.313948540001561
-3.9415755131504118,-6.7587394864231145
-6.183258512665775,-7.039232177760099
-5.269406834444559,-4.282457744204039
-3.4976429479039717,-4.9259052195802235
-3.371384454428708,-6.3801014582148925
-6.703382439355153,-5.0555476988966195
-4.6159345510606915,-5.032694748094093
-7.0674421000398775,-5.089120039512788
-6.304469500504853,-4.330327451169961
-4.6334017539031525,-5.9398797863273565
-5.513866917336693,-6.059213521888951
-5.062679097273172,-4.044857679498762
-5.985726046335543,-4.495953484482156
-5.530257618372442,-5.7928728322623435
-5.107030359954559,-6.035242322419374
-5.553649305347181,-6.197877892588848
-3.0352748670836105,-4.964736448028272
-5.699725507992586,-4.7860200892657785
-5.11232804969083,-5.220969599533223
-4.385833299956575,-4.242492289952695
-5.530501147610528,-5.57581824064468
-5.2750516971516435,-7.301921164735585
-6.515191062198553,-3.633125732555476
-3.3550322864987163,-5.249036039556378
-4.423443036944233,-4.688749845456464
-1.9211191915447623,-3.8804250885654232
-5.127917591480767,-5.9555404406004255
-6.6064463202575725,-4.796536364132778
-5.756350745284302,-6.4222537095976735
-5.646572884242526,-6.081548003614395
-3.3128583649274352,-4.1183602430505495
-5.007972641316617,-3.5200558611099737
-4.922631692352382,-5.861284201328263
-3.4768759227303425,-4.461089956315341
-6.037246154326455,-5.1903386780836085
-5.875618253384758,-6.3827997309643365
-4.073822452468359,-3.090583359529869
-6.398567573819141,-4.437030763309429
-5.6506425691218265,-5.487125383764696
-5.592393924238869,-5.863990769679817
-4.951478372055173,-5.830950116411038
-4.7295431742201615,-5.050238109449137
-5.23894804686641,-5.907563662041597
-5.576771330568333,-4.244608774174244
-4.49908281237562,-5.977555244798551
-4.9006676945707754,-4.248612876628211
-6.669405281121372,-4.456639807620065
-5.6626237589458475,-4.429401331406841
-5.763259156542518,-6.80488210066452
-6.627542437883163,-4.9519150533386185
-4.740277498278519,-5.90431662510441
-4.3614075412226265,-6.66152006226896
-5.0660797986473165,-6.211016199762456
-5.65183610780216,-4.952601328683586
-5.860413365283952,-5.384555544229825
-3.99370719078556,-5.576891869523148
-4.164307887934858,-6.129706854657616
-4.470195822084716,-3.5584313793421
-7.471644500127289,-5.796895255470477
-4.42292787281946,-5.2030453860429935
-4.628854126628691,-5.6039851867158195
-4.9134102125271,-5.15567723539208
-3.8322179383401926,-4.7455791566987875
-4.662397337924798,-5.411876966122468
-5.487606224072493,-5.4325581878196205
-4.605547857621703,-5.420984480820263
-4.710225143103587,-2.9245992013545608
-4.128875296568308,-5.3260235321678415
-3.798786077836055,-5.408075373021552
-7.038124535177853,-6.008086310917403
-6.870791921025855,-5.351513484041309
-4.9815816208104495,-3.3235626877247166
-4.673072626235838,-5.219100528808863
-4.170594418816511,-7.211135309007885
-4.7643854418914335,-4.229134806113033
-6.4785862457798435,-3.856245956793071
-4.6615035925055865,-5.4152879139008006
-4.367218133893714,-2.7293071421956037
-4.8181337449415045,-4.751779413699664
-5.459360899540244,-5.849844369464793
-4.1696641834557555,-5.8560838259088674
-4.9284337627806085,-5.477657446765116
-4.521020174253609,-4.666337894713052
-3.9624600557421013,-5.510016398854747
-5.269874935293371,-5.978763715782307
-5.444293260076113,-4.622699506955149
-4.243011383354649,-5.922165324177627
-4.13039407989434,-3.6443621411950486
-4.586565096776299,-3.1232041874419343
-5.7737891991035735,-6.244654703311419
-6.7787202489042775,-3.5039556885108167
-4.3456343436459415,-5.055584670910455
-4.72003137368018,-6.125489047298378
-2.5542480203831737,-4.870778818024774
-4.890605205395107,-4.274233376101308
-4.518990768263286,-4.776115975720868
-5.790474455445312,-4.528531642864004
-3.117975503524966,-3.654579953845023
-3.406813373360603,-5.511215676431185
-5.989604820258582,-5.125786920099649
-4.944275087711304,-3.905808481529052
-6.692464629714818,-3.470449680539386
-5.158007898578989,-5.42688106994742
-6.012104375260169,-6.654856671865768
-4.176829416038085,-4.926682032811597
-6.289960899741054,-6.295078772063617
-5.335784699290127,-3.330978474710607
-5.259591351363605,-6.503142953118106
-5.2457430640859455,-5.2727235697476695
-7.696886642941571,-5.054294866517812
-5.230934530208677,-4.303793635186581
-3.1510439050546553,-3.8734349704522426
-5.268888690554831,-6.10652590874167
-2.42664019675014,-4.940781565985511
-4.986070708087054,-5.0241250871100025
-4.8019152392321445,-5.144360411923943
-5.5736620068802365,-5.546858941240394
-5.032753270215999,-5.543424771133765
-5.7128457826771655,-4.893569772308103
-5.254977217420856,-3.4960070114173107
-7.650969808393012,-3.908493148077538
-3.7539148075023703,-7.0733902324081495
-5.342687594080348,-5.371440865995791
-6.407511694717821,-5.7778166875908745
-6.11057584546583,-3.247729556576377
-4.0643216068525385,-3.7284449050058415
-4.2783279359567645,-6.129051771217228
-5.524520266279774,-4.510625438772082
-6.222127808891946,-4.287001569827612
-5.240325398158135,-5.3748208075495985
-4.2890400317965085,-4.55573668851396
-5.36096616581908,-3.840670196635752
-6.081063327599898,-4.384064393055737
-4.4068987420316175,-5.3095464393139915
-4.673866977757882,-6.251113576385302
-4.075972980793098,-5.1849021364429895
-5.52272302051904,-3.9509907741631114
-5.70434369054276,-6.4084612963635585
-6.556629173523903,-4.393990048654359
-6.280429352496282,-3.245205818015635
-7.081929407883723,-3.303543631709962
-4.78898253279738,-5.096713111870391
-5.5449190868089495,-4.600863885647929
-5.037634702424849,-3.896698117983479
-4.885772351337961,-4.849698238538123
-5.363612212213857,-5.056945623721068
-4.692198231107941,-6.710168392656626
-6.348185422105713,-4.256735905977285
-4.829134561872059,-5.18398333635268
-4.981566066934606,-4.652418294638329
-5.539759680309363,-5.778304725402312
-4.804154744902318,-5.978372777615032
-4.5917472442855285,-6.702583604237842
-3.970844362674357,-4.527402517586957
-4.743970265686126,-4.017309016054486
-3.334525555537424,-3.9856299349818696
-6.840874231331644,-6.279576966735702
-5.624818577695678,-4.973908949789166
-4.482340979530877,-5.725743813153466
-4.8132332355229215,-5.7553829323533225
-5.6115178029919495,-6.406661096848223
-5.923233246110903,-6.351684605616334
-5.9758732529773315,-3.946358203392161
-5.949398888831942,-2.3676179351626088
-4.506682099119112,-4.815163876305126
-5.858357780181214,-4.299690120591008
-5.575637826237774,-4.877990185354639
-2.4399154617312053,-5.096059899724651
-3.8507266737143238,-5.703176425125887
-5.0349884904969615,-3.2291993643644905
-5.626967057787766,-3.1875514420030715
-4.292248064544524,-5.5624667758942685
-4.367592260944479,-4.02744555037327
-4.378190037782804,-6.570224719890456
-5.7271371758248675,-5.247518635551505
-5.074433429100046,-4.3793279024493215
-4.822298999066747,-6.335344358710102
-4.619802148994037,-4.3894142547161765
-4.440209552068961,-3.9192192744453775
-4.166077845451096,-4.540819920771564
-5.070165711458647,-6.660960933515991
-4.570381780867415,-4.792312312836889
-4.728421162804627,-6.276748575820309
-6.081056540408263,-3.946847146667096
-5.039555153856655,-4.318499302627377
-4.9716816238695385,-4.970243860504255
-4.061716194024003,-5.5160447282173735
-4.9038792230590165,-5.462275288705041
-5.434496227432317,-5.309172123468639
-4.777866228366287,-5.4787486216634775
-3.7442438744264788,-5.894607302219504
-5.186871644161358,-5.439731058274175
-3.553022115646267,-4.803445223488425
-3.968155460531365,-6.485560373036972
-4.732949734130742,-4.110369204376563
-4.9177160107245745,-3.934519624934649
-5.517288450100372,-3.5906525598144197
-2.7011018763807497,-5.362838560439659
-5.445502521400771,-3.5466155228822998
-3.4204278542692874,-5.522860027153269
-5.420186817095857,-5.281784608860507
-6.344450511034277,-5.918651946484197
-6.004140766752068,-5.7677975651041296
-5.034684887386781,-4.765785267463478
-3.4494995071859234,-5.998354040738791
-4.015677601523416,-5.213988844225509
-5.049463709652433,-4.325180507833396
-6.122722021562297,-4.6175902538159495
-4.833547791786943,-4.5075487359918505
-4.710831356092182,-2.5446998600891058
-5.637739984251317,-5.530996955001818
-5.6231405264247645,-5.555477119160255
-5.637387127306518,-3.8109834688924478
-3.5794957520101454,-5.570746293749477
-5.832355573104229,-4.528584443613597
-5.552223044280972,-4.3670681822444894
-4.7970769791487005,-6.515744114997232
-3.4524947986699384,-3.2041223269044785
-5.612788690484387,-5.3877015599359845
-4.714134609275095,-4.665543210012976
-4.34145572732717,-2.9897954612336504
-5.17694722749405,-5.798297244538452
-6.379319228014528,-5.730930039941919
-5.033126972873797,-3.2054421364822123
-5.517611299036171,-4.776212048361102
-5.0164228960727515,-3.811606726551916
-2.4730675741263783,-5.5308687729203205
-5.489439442518221,-3.955839122930928
-4.318108510373689,-3.1532926742639664
-4.416071814674036,-5.35929209078706
-4.4093451693076915,-3.891296419417092
-4.179517818802636,-4.492725968892702
-3.9333253104108463,-3.8307044095543272
-3.6178410089624733,-4.351290112410357
-5.167118080316854,-4.853286313566677
-3.793491033491643,-5.816935670987236
-4.631326691127099,-5.393338812327361
-4.971255177065181,-3.721548137392701
-4.808900931980097,-4.953563451843852
-6.359856140979919,-4.253746433972779
-4.354515818858925,-2.83674527669454
-5.307778234953001,-4.780849672336061
-4.7506163162892445,-3.4225467202365256
-5.095295532386952,-4.7209784742296605
-4.3921034902834615,-4.813390876843641
-5.4464336145505285,-4.8059100071016925
-3.926368250140228,-6.026515299411059
-4.867030325853125,-5.700120814939172
-3.8049533710751575,-6.523186904783776
-5.558921847271589,-4.622788124935479
-3.4344759707656602,-5.0657502610729885
-5.555199526693198,-3.1188429305594103
-6.448013900416244,-7.198805956620082
-4.559985549946668,-5.502054224352611
-6.021232817130714,-4.291643552700647
-4.756199286228801,-5.564078630736729
-6.2803043986708955,-4.127542671719855
-4.349798822041339,-5.099175863779383
-3.1533630039523337,-6.070084766326152
-6.525525170924738,-5.6919080698812445
-5.0455860163554975,-4.756660550677308
-5.24123605785633,-4.647944603485703
-6.251539424190444,-3.5562353959267403
-5.082151178392568,-3.882704168411872
-4.657274653622296,-4.543246780846216
-4.430232719767796,-4.552291439982685
-4.357277240132456,-3.6708474698675686
-4.8034788302985305,-4.290996242411488
-5.089735694287227,-3.5598827845505268
-5.676392302059269,-3.1990595670891846
-5.040157950644344,-6.430775102118047
-4.871895585089211,-5.681051657474882
-4.159356451011276,-5.652623979302391
-5.44618343321478,-6.889540730945531
-5.452306319249077,-7.423879326628955
-6.583902823485722,-4.239585343855703
-4.214199841349168,-4.574542438215035
-5.966976143129213,-5.04771135614198
-5.0036025390905685,-6.158364689192543
-3.4966016982328494,-4.122637709424328
-5.220964173829664,-4.973114161005469
-4.791617192052447,-7.0417348684242915
-5.247177382520596,-5.681984247997797
-6.001620009894916,-5.281100292885955
-3.2023134731504768,-4.35915713873299
-5.571178989782797,-4.427417218643841
1.399355436586002,0.9246336829127688
0.05963036992017413,-0.6469367777055739
0.6982233136135899,0.3934853854217496
0.8951932200277323,0.6351718016819695
1.0495527153193351,-0.535235211560568
1.3173940656343257,0.19759960469239965
2.075260872625265,-0.6891878180895679
1.7359638031652491,0.1979107834626478
-0.6514180036144483,-0.4838858340543216
-0.32034730819432017,0.4241659464019164
0.5228354880354996,-0.573700003938579
-0.02435459226098284,2.142270358611864
1.7275431701007111,0.4363236696740321
0.03800347816820029,0.1200313267182613
0.6135179727304166,-1.0227925651984056
-0.2573765374233451,-1.6685840738775894
0.3992231226052793,0.647195939702741
-0.48318646229937395,1.5739867632900328
-1.2257656630023412,-1.4643748802098202
0.22445181855997204,1.0470983026121543
1.6839276914578687,-0.45888426286894
1.0786808334312956,-0.038508469500707215
-0.17262729994081966,0.8836599374866724
0.6523228784134196,-1.5763921569842494
1.4765403497258958,1.3800913541474515
-0.6255627015095294,0.3958035334374089
0.4940301862827388,0.2606737658239071
-0.5503051538454201,-0.6716233679380516
-0.02555407099144528,1.172729019259365
0.5436001545944323,-0.370614332086106
0.7716987106483447,-2.8485426206300755
1.1487657003721037,-1.7397137787780996
-0.36244094140313216,-1.119669894626144
-1.2946814757209058,1.1608267873785194
-0.4677012013118914,0.3465038817307158
-0.04692057887918407,0.4770408272231215
0.07682189106025536,-1.2829922241885696
0.9962668194471399,-0.4937565831613125
-1.556581898659751,-0.4281151609659125
1.5007597906343109,0.8502217421134929
-0.3486521344078592,-0.3492577043184288
-0.3216350512173826,2.076747983560841
0.3819354522315533,0.4300416471910696
1.0302834540318422,0.2387891590265135
-0.2590421458207031,-0.19634984908497827
-0.07160125941406395,-0.037222236509841584
0.7276295436369798,0.05194588580729943
0.7326400772155792,-0.08071658010858232
0.07863519031609059,-1.998200684532108
0.9163276747024814,0.3464884758979927
0.9980101098596522,-2.8962553781936893
2.0883747047807275,-0.13958962815517376
1.1081828167375165,-1.0399059271255309
0.6127739050625697,-1.053415563173656
-0.6237689606958051,1.914031353866786
-0.19068240076334655,0.21743287317972287
0.8700677306887542,0.4956818879726047
0.15041890514357642,0.3649610024662254
2.403415585238275,-0.05761879703358539
0.2010990467149675,1.050654396007612
1.1055259329579838,1.18703030556038
0.6387302220291846,-1.1430049127304835
1.633431532301096,-1.146345393018688
0.30263546523903323,-0.7542758500193579
-0.06413834659299254,0.3287624103034804
0.3213572154502731,0.4219207542352848
1.6137112690586468,0.4535343015139798
-0.2441566352906487,0.9640871682883572
1.1894704889246406,-1.2276078151369925
0.5974000698498579,0.7011727423108983
-0.29756350335999193,1.3757068133116197
-0.15005558703252672,0.12557645347154225
-0.1730718242838696,0.015579047581467534
-1.0962750868952018,-1.4400508825942944
1.5945050632249722,-0.8469613483183278
-0.9913923494563072,-2.153390113603715
-0.6389617476895022,-1.3230897934074983
1.6420151601363693,1.009817089342634
-0.6881503451777238,2.2524358053443088
0.9817654869915944,-0.32483138350862245
-2.499405714873573,2.2909425725907417
-1.389572466763596,-1.6453987469568918
1.0225704320096405,2.439752406339273
1.3842728185105182,0.5639091200523596
0.594754341665286,0.8534155587803077
0.7589285897867651,0.2811914239693758
0.10420110395187608,-0.06259312789952241
-0.7539645888666763,-0.2806750768667741
-1.6929568141953857,-0.09833962679474988
-0.9885911071509176,-1.103589317215771
0.17989415115347845,1.392002286344599
0.918316606002313,-1.5705006036231768
-0.9896281365703375,0.940771187988216
-0.9824873935383096,-0.2246331499970246
0.5500520990245519,-0.9683444548636352
0.1053755061459599,-1.3340254949182044
-0.6013676439512137,0.31978193414253697
-1.5929937335316693,0.44047473796039904
-0.019637798926681216,0.5524899544171478
0.22391413406466146,1.3641404299738442
0.12522450264790727,-0.429405541125253
0.12229750303228375,0.5432980290363879
0.04886007032570433,0.04059169120388238
-0.7019916878067554,-0.6629009175509482
-1.4026052717996935,1.7495767431869391
-1.243863235391285,-0.6929051977959073
-0.7184072655691974,0.8949243769444413
-0.2949496782920278,1.2477420726737338
-0.6734906242438685,0.278994162223802
-0.8353470532597573,2.1451491277733883
-1.1875984190295128,0.3098207102270275
0.6337768809320985,0.41379909745149823
-0.1852876588777083,-0.12982069973342614
0.0438114719791096,-0.14700200162848862
0.9638791167949096,2.2105230015913517
-0.5574917850078336,-1.3698029795790778
-0.08828204835125482,2.5797093376543185
-0.8036745679697308,1.6391168054440677
1.677700814076441,-0.5535882417079946
0.5689830791852754,1.628396623128538
-0.3791277409874871,-0.20358036010236175
-0.5816809139486437,-1.0147567306928669
-0.6492775450660071,-1.2239402667622563
0.03408346825922607,-0.7699732310586418
0.2337859117907477,-1.5558956462036273
0.33088023221445706,0.8335289616089246
-1.9937356425714556,0.3740565698475721
1.2276689924732922,-1.2096410186912054
1.6725723868377034,0.4190190093660452
-0.7050118557584089,-0.055769077657706015
0.5583269125217224,0.0760053914124115
0.5387559924463692,-0.9206735930793662
0.169360824036078,-1.4137144969049802
-0.11122606134870032,-0.9039076414647896
-0.7355299425897666,1.2360931752104374
1.091310120594269,0.609138120907177
-1.0923127646725792,-0.3164084496948019
1.2130976999791834,0.14171691363990474
2.3193295399816938,0.3933178393943719
0.1920491164900316,-0.3091164642025014
0.1335409047822823,-0.1524698363805439
0.7081086766885905,0.956702316794584
-0.7859894605079495,-1.331232953557778
-1.8362053731032968,0.5079913269125437
-1.1033666061738736,-2.1528905929524833
0.3885786045309641,2.4929995174327906
-0.0060709115398933245,0.8384907744516419
0.08182935854756501,-0.09888965319114268
0.9190764829877686,-0.2902745441886513
0.2673923140719029,0.3216978061960136
-0.6680904536430488,0.9920423495365228
-0.17495975669540864,-0.7557451594928447
0.5365098435704035,-0.8984679817910373
0.02818115736912825,-0.009118996644203544
1.085895565831578,0.4746982328799528
-0.025026958745143917,0.8177662992002871
1.3902075490173134,0.5578103063518622
0.010352619843380607,-1.3118362323501596
-1.0651136630753726,-0.30522470435466764
-0.6095122021592831,-0.186971302985446
0.056649924897107164,0.5296927543567308
-0.07049877805909123,0.4865016438262019
0.06447441481012024,-1.9754665663538715
-0.9393353938187544,-0.14408755572161547
-1.2096947428411076,0.5999287299962045
1.5307508323436974,1.2187618516973169
-0.213442870930208,1.490726136849952
0.14866745720211155,-0.3370859711180393
-0.6134026635409398,-0.30246968648812833
-0.3881768185412288,0.1704162223754877
0.1605739810498646,0.003046020153414469
0.43693816974634986,1.190646274786341
0.9495541354413236,-1.4848979684499035
-2.5539211349019553,0.9343199112392736
-1.3668786984154209,-0.22476540189268354
-1.1701130260593595,-1.80198043758002
0.541462728204788,0.7591551603026468
-0.5765104007267194,-2.59104229214491
-0.5462444482524828,0.3918040054025465
-1.4789115687741288,0.18335991977915564
-0.015309849172995556,0.5792914996010884
0.11958036841415325,-0.9730689408815556
1.196571501664491,-0.15852957302697002
-0.02730453950993186,-0.9332679590731959
-0.4432822511915103,-0.8848027140269009
-0.17294605992342302,1.7117084801423434
-1.3719011429313563,-1.6135613978767411
1.4711703274936083,-0.2093236771518661
-0.6690727386599166,1.0399046873960764
-0.6056155397368641,1.826009713546936
0.6779258713392691,-0.4879114081457026
2.1573082132655035,-0.6057149230033384
0.742095372009307,0.2992925804064919
1.3017412893987979,1.561511196726853
0.032004149065766624,-0.7534178703461835
0.4599721429391164,-0.6777153697521061
2.013387247526623,0.13653533108273744
-0.3653215513121087,0.1846803058649084
-1.3471262895296965,-0.9716140385106516
1.2004139079444254,-0.6568942789713957
-1.0469109826819396,0.5366527525272862
1.1857041546629972,0.7189533106650667
0.9960476858058164,-0.7567950885694608
-1.4218106667418438,1.5013336519554867
-0.3226798388421357,-0.2508330164550473
1.328194141849058,0.5562300094006599
0.4558877720816076,2.165002344901084
-0.6435182303801429,0.9278401280812372
0.0570131248970845,0.2685922788632569
1.5284684264125317,0.5078357562896237
0.538296079049633,1.0725073373098022
-0.3649527295428853,-0.8392096673390064
-1.0448091940210336,-1.9663565893760016
2.0562071299403217,-1.1032083657216831
-0.221253623585772,-0.2768132998889207
0.30740669780910074,0.8157372125392968
0.8604734883597454,-0.5830774385689385
-0.1671217137864115,0.28257995048829965
-0.2486911261835471,1.6073455760199926
0.4909749516382513,0.7348777860498175
0.6628812686674127,1.173473857485325
0.18102155870370693,-1.2968319479558466
0.3996879517526416,-0.6513568937918289
-0.5286166817497568,0.5863640187550933
1.2382830714336357,0.02127157673606165
0.3088330125989638,1.7022149446352381
0.2407531794885683,2.601683114180395
0.5655096456315442,-1.7607627591558177
0.7533416211045325,0.38115838488277776
1.2897527540827456,0.6731813512699584
-0.13845598398377382,-1.2242982362893655
-0.20902325728602528,-0.8505204542093001
-0.5805234498047227,0.5885784044206096
1.6699045043514062,0.3946715298229811
-1.1958830620351844,0.4446026682201407
1.1966314866456509,-0.6097829043193822
-0.1340171666729177,0.01468819472919709
-0.7848983130822399,0.648280433843859
-0.12094814860778155,0.41953244390702776
-0.8874921778021001,-0.4374583003234104
0.7223813578277714,-0.37283315209176704
1.7269638512334051,-0.3996361856146024
0.22468472575188592,0.93259083187309
-1.4183657329330317,-1.760808811980776
-1.5256563145700948,1.262584103427182
-0.5518581458924467,2.5581992856682523
-0.5642475986573886,0.18455130319703694
1.5421099525678756,2.006092888159123
2.0615035766363983,1.2083662305931424
1.0240625258114624,0.5925269492011831
0.7783610761666377,-0.5511857163285334
-0.8181988834223072,-0.0033744574109520514
-0.17018462252492844,-0.4532280493272752
0.6963874474567153,0.9553052085705108
0.08840688629184736,1.4775300810552618
-1.1416891141335048,-0.1936594592797181
-0.7168223206028049,-1.86653661707306
-0.08268068584269925,-0.12174750838328352
1.5134497432421308,0.6308116845547775
-1.024186824329205,1.8540925663341885
1.221033695525353,0.5820977034686158
-0.2264840988498319,-0.9594392367234796
-0.372206776071053,1.0887486197041858
1.884586305934609,1.5432435282721888
-0.4888494217862741,-1.1196174332890112
0.14088624691120394,-1.7684393655628516
0.32316771418478146,-0.14760258629866868
-0.4660365018682423,-1.5947030672667954
0.5136001065697166,-0.5327008396619114
-1.169916835710288,-2.8722622132816493
-0.027514905050636255,1.7722515966697443
1.6612592145478702,-0.4570962565862718
-0.6022120603617805,0.4687742560750238
-0.9983854391882916,0.301791899819466
0.7660802783846903,1.2269332238843076
-0.10015407647995278,-0.20367375017696587
-0.8779825867565609,-0.8268803540398599
-0.2264788919015268,0.3673655068161781
0.9135846262332494,-0.8031789506803448
1.4926885689595215,-0.2711236010425688
-0.02136729434843616,-0.7472116791478234
-2.4242402602729416,0.8840453963610497
0.7368438970924334,-0.2813275571182134
0.06699071722487193,0.5159392177040995
-1.562545856886543,-0.5290526773462948
0.7942646796218271,-1.2542894231692494
0.2935579321666293,-1.356581804623405
0.4664299824335264,-0.03564148229748357
-1.6151318159055097,1.1647393544571714
-0.7345915767980492,-0.810252437014381
0.20056919723094285,1.1486373494287152
-1.015821818978397,0.06167984984797165
0.42881650033057295,0.6931056072631441
0.1764415552772252,-0.3670278390833223
-0.8275902206487197,0.08614388304637476
-1.072139011985607,-2.921350483494608
0.4365598041576678,0.9039348410861952
-2.3629324355418384,-1.0097307047099375
0.6191542610051978,2.0574954697116987
0.02079370767540789,-0.7280029412291344
-0.18289644110484016,1.3748764191481848
-0.6459641791245353,-0.7991920066502536
-0.4827435221820324,-0.9533286082587124
0.12267031599479553,1.6246784584695606
0.3230792731160291,-0.2523535021262876
-0.2918112689155441,-1.563190808696657
0.8831097771471591,-0.07783719701280202
-0.18047991359062565,3.1931075678448613
0.29875290836568624,-0.7517910500951843
-0.4263575962055433,1.1484457091967548
0.11327041053776445,-1.4382779783173667
0.9192289345752036,-0.668144085538994
1.8732977762175456,1.0800480657146485
-0.4473218956587512,1.281016361735113
0.0678555105274033,0.8527736751222195
0.4847328172944748,-0.8463566549908735
-0.643549832317462,1.0299608175811612
-0.3347753321065409,-0.4036484632419967
-0.955122579349353,0.42359906559346105
2.062524919243145,-1.0675329142542729
0.02421945667275807,1.4122205554154292
-0.07964139124571515,0.4523717962497339
-1.0623935281468797,0.4283070972076486
-0.1871442650045488,0.985729995679863
1.1873860515647512,2.5895636420186143
0.5796331732135757,0.3257963165821665
0.194384301577336,-0.35316629281068834
0.33848384346169114,-0.29540141013902943
0.1684609762696143,1.3175975356079597
-1.0065425652796411,1.1398785611290454
1.3171150673398653,-0.11806852699107875
-2.1218548990085946,-0.6078219870944325
1.2969945465611092,-0.02286806229888212
-0.9993022322949108,-0.5047749212282174
0.8406200265045529,0.5467335682013793
-0.2389320991696943,-0.3668244118146876
-0.3917581490438219,-0.9224101844985024
1.6153756894694418,-0.3223204692113399
1.2171585208254965,1.5213160519224511
0.9983108981479604,-0.4316203127180484
0.4037300903366095,-0.024195606390916162
-0.903701860730128,0.324359281721603
-1.1790397911598025,1.1876793884615635
-0.4646172972983931,0.2011596558728393
0.28328787154614216,-0.2589049737040773
0.5866938014752747,-0.4749036566225244
0.8712972974572442,-1.3459796802467483
0.12637957954641182,1.9389289990582848
-1.0003313246055747,-0.6777449705248515
0.513907849658915,0.17958178193959795
0.3506300992735592,0.4891871301476635
0.6347214685617699,1.1096998419562232
0.40981865692851255,-0.2412576546185425
0.6725737012027313,1.899881934895216
-0.13263374638257355,-0.9745293046706416
1.1070806692869728,-0.12038116395359826
-2.1726695460140357,0.8474216771504216
-0.5353281859539227,-0.09053328230416076
0.3319803305690145,0.1904996797790664
0.7094518171390395,-0.43548637056984335
0.5131057981760827,-0.2595466775839172
0.7388104808875029,0.6153674840130534
-0.9354387020445952,1.0859821161750325
-0.5359634451140479,0.8080577982811451
0.36728731340134063,1.8381836767951223
-0.2234659823718521,-0.3493167961181975
-0.01941960588773261,-0.30317978283427544
0.7999419019420501,-1.6163106084365881
-1.053682419146354,-1.067802921579193
0.9503075919735756,1.7106133725819253
-0.1044492185374715,-0.16882172319001065
0.07005216311318138,1.1618783026081905
-0.927353134190574,0.23836898273478516
0.9751976297824296,0.5010941699398452
0.1895816165987434,1.0010460925671412
-2.7032322929992367,0.6778753195309076
-0.6540756831274238,-1.8306328968564567
0.5112025995249807,1.3736585451629575
-0.13744851462769184,0.9528745472029388
1.6122782579886454,1.3149144535840471
1.639964529371393,0.7421274910718922
0.0754336389015928,-1.6019658118971685
-0.24606248812994855,-0.8432465953161917
2.1709427174978138,-0.1758858124323366
0.12320480678448567,0.5514853760404675
0.043602446372453724,1.6950510404307533
-0.6226493617344521,0.1946074552372427
-0.7424705856980482,-1.3200225112207058
-0.6117690909052854,-0.03703679704841202
-0.42930222451726,-0.692420979873856
-1.406317463671834,-0.08310557262869478
-1.5047203740310022,0.7600559636896026
0.08243975293450329,-1.4575514994649306
-0.30920907704986345,-0.7521564055905832
0.31917451041918043,1.3404504460231446
-1.8751724696457448,0.11502607914741715
-0.1601327955666404,0.6713400764504657
0.21319662823768915,-0.7519693317388191
-0.31905393566661816,-0.796025856803489
1.0760071385985983,0.02131164867194222
1.9011906857530076,-0.060660813814620775
-0.7084067669104628,-1.5137143926128271
-1.803139676255945,-1.5841359430054898
0.2671266510114834,0.5087250232299338
-1.5811907020321334,0.8950383140761154
-0.4830610516834395,0.14679301198554934
1.6122206282554243,0.8968393158655319
-0.2685306479058323,-0.8911922254152874
-2.151815401329305,-0.7191533192424201
-0.21113023882769444,-0.9871795271511841
-0.13125696709230472,0.07685188295876821
-0.22485598180807856,-0.6500025808234597
0.16865467196672768,0.4419406495694089
-1.090399077442846,1.4109323797462698
-0.09858813228426172,0.018849622944847662
0.7082144232565571,0.2332161312635017
0.9531366339132452,0.2871241652018242
-0.6124373746404379,0.3615035252061016
-1.1437262073206618,0.10855970577652314
-0.0332299906444608,-0.2081168572725397
-0.12853751143893075,-1.881849045497639
-0.5487249077409615,0.09284490114111472
0.15985639199740034,-1.027675140925958
1.265707840864701,-0.8661748482145009
0.9694572005267368,0.4271943618716849
-0.6462273098438029,1.7753108926095118
-1.19363683175648,0.9191541736100016
1.0005823180429785,-0.6706202090766449
1.3924653000643288,-0.2500465145989528
0.28869362927985703,0.2603218387712207
-0.1343087414705478,0.8108082731597821
0.7934887205522131,-1.7485319732381808
1.3043402428781523,-1.6624919880356743
1.0325462043416571,1.126705136827583
-1.0909664302151982,-0.4108142879545848
-1.1057046684859355,-0.21492103028873533
-0.30803428418574125,0.7796605322693398
1.3103087461196083,1.395683810789956
-0.5621680265783021,-0.20922187374452775
-1.6834381922209505,-0.8058700664961888
0.9648516330974576,1.6155828235482317
-1.2343488718799223,-0.5924642591528942
-0.02640575695892703,0.2801611588196068
-0.8096035199216461,0.4240610444640897
-0.4738393470709161,-0.014452270878279104
0.5462842480036996,0.006422269810937816
-0.4363858905265686,-0.10960980392583083
-0.08836295920533532,-0.3700110298821277
-0.2587960626671024,1.598647170504717
0.5609194479412387,-0.2954803180291604
0.6969544045107356,-0.33381948975600995
1.173124637586641,0.3696421921980939
-0.10730214400422887,0.4477169258102776
-1.5708761520684993,-1.1267674689098053
-1.1939250063990554,0.14294309476370676
1.732514999485092,2.2313001461926323
0.6380511014407572,0.5008444749444569
-1.801057734152739,-0.5426737997340217
-0.7877837519082389,-0.620847598251116
-0.1681438185847896,-0.4720905776971274
-1.979299810375788,0.7479102561175338
-1.0727430257398065,0.23924686411114954
2.074082669749973,-0.9193845915864234
-2.5302875227463297,-0.2860042218801108
1.100959634998571,1.9583474542205936
-1.2295495944524168,0.4966992232365217
-0.4653104567800533,-0.10594835430413566
2.6443433470170348,-1.5029703283951532
0.25373966149457344,0.4676931717654332
1.0857863249393471,0.09798315347089544
0.3080505395041023,-0.3916485674217911
0.2691269412451073,-0.3431922754974105
0.6215718898560508,-0.369610336043634
0.3771003939021865,-0.029262813684978357
1.126050250772168,-0.051393723588486234
-1.7730324682068814,1.2619215007139917
-0.9057323008626188,-0.6537663386488198
-0.5956612940434921,1.374438093170817
-2.1356742139786955,3.1377485336599937
1.0560568090660518,0.22323891412915967
-0.05489400061628639,0.2855540748576569
0.5211224283793383,0.645215585950057
0.5556044660034485,0.08958068125524883
-0.1973384203073261,-0.1512732836535117
-0.194908280352681,1.1337700968670643
0.5935567222808619,-2.94038863466428
0.655900776529761,0.19473619471877485
-0.018708756445897416,-0.3885184530888858
1.1241127199860137,0.9475264621228578
-0.7728776678236091,0.4070522871245351
-0.971656734541286,-1.3796181647889303
-0.6267172245899651,0.8623934723827588
0.9531250453760868,0.513085420097293
0.7250957868479971,0.5161782871149584
-0.6414815952229522,0.43192254467394064
0.8004095252276823,0.7542913298135743
1.1889133714746432,0.7083038472010638
0.3514482075415829,1.0701502383164274
-0.026521259249060063,-0.8818746512277178
-0.16306696394376388,-0.7449026448064491
4.324821725025618,4.8554813292844825
4.207580079000039,4.69203847036096
3.106385333046214,5.213293707372938
5.001205475362223,4.1829113689318085
5.659245668432405,5.937570137626557
3.3924401356310265,4.2372752214337845
4.230857650212702,4.060096898891136
5.8294748419317495,4.8061738612271965
4.7354851586893885,2.9961376355932465
5.635418030209228,3.760741605146528
5.059932630266328,5.277376937958191
6.360658595838651,3.691179600880888
1.980487844179175,5.183849544753695
6.800511181510854,6.238946352939438
5.209659415274626,4.508363814367953
5.80712259663731,4.026453800295531
5.476357769356219,5.505470159166627
6.060209907498879,7.759660038911076
5.392415967178767,4.491036374292501
4.974425687808004,3.2309240951108817
4.305286868910942,4.590717561886897
4.475911602065407,5.1523548720337216
4.177580067617799,6.121030667324471
5.0002070649181976,4.990699678861387
4.672105283487082,5.1551906838589785
5.825098264667635,4.1328697842891
4.341883510924744,4.696273971223334
3.654129076526785,4.180742140278502
4.523779126455341,5.874389180712727
5.262561329001925,5.193589911367544
5.850897962167973,4.862628211600604
5.39046484992889,4.896778247067504
5.265362349399629,4.417241342388418
2.561182841723571,4.865720837813696
6.4227481360999406,5.926215402241592
5.96539748459117,6.236130721806218
5.0886575909614375,5.197315707405597
4.38234810456565,4.6839271439729515
5.615771149771142,6.203884437168816
4.860553724319001,4.549810735148588
5.000527958856598,5.6012067489291155
3.556145183866458,2.703819046862762
4.449463150508416,3.779287574085841
4.491859802352688,4.852219681182528
4.546751590976988,6.452467534470745
5.32674476460232,5.3004743596108295
5.6222071440434025,3.8611668822192318
6.039111787420268,4.92423571346454
5.670480617241213,3.928142766959844
3.4462412339839363,5.817889658025027
5.376409526097517,4.097948445642491
4.130336918725305,6.12543478441477
3.810588107132672,6.642672953255963
4.099379265352131,5.638391925608382
4.671381524251014,5.603187431082343
4.455885997885806,4.837207093927706
5.040919175395722,3.9978125442185273
5.740824345420125,4.4867864335284136
4.771400084659982,4.005650625391488
2.437666341204689,4.808972237399831
7.412615421612916,5.784604287898024
4.980739620265607,4.737109170791731
5.022465892812046,5.54711911517521
3.819187184691155,6.114321694668872
5.715381315441244,5.718185725707935
5.4384757388097285,5.019616657693991
5.6728612359668205,5.591814133741377
4.645959289058977,4.426398227103099
5.101856295261987,6.549020151495188
3.7608929243460993,3.5324747342475598
5.164760841236517,5.050887701856018
5.173341664370408,5.2439531979085015
4.7767977453651955,6.4898634386020815
3.3990960215234844,4.171502975219754
4.8967452398509534,3.3568111888458327
4.824145595567929,6.6614701657280175
5.020886488295962,5.230700905718684
3.73983523482742,4.383638591960523
4.624803619676063,4.682284903243766
6.2816437950037685,5.557691060725125
3.8885420430629685,5.246504778432005
5.4982217484967855,6.140149038521267
6.580540686568374,3.9849058081721314
4.1891424887896616,3.742422141085384
4.765980140893019,5.466358374446335
5.987334516589103,4.9240489763574775
4.680152476745156,5.15175799224874
4.164857098369977,7.0895387216947725
3.3923389728819413,5.184740578895725
7.02360621922964,5.006799844559998
4.809960964998505,4.642554577189573
4.819608318237592,6.37284847467653
2.788138088670493,6.5334337012963255
3.576042847549855,4.7333476707655855
4.570755579701338,5.58855326977072
3.4018756481162526,5.462172666081943
7.024309623286853,3.6368259954071895
5.189706167610397,4.338017822203391
5.4258872061930346,5.0191477774157525
4.35851309095569,5.487872284871074
6.8043481097867415,4.8090962082727025
5.719757942148182,3.706727042128836
4.043563623181991,5.472406277880378
6.484116028535965,5.35561334878566
4.6869419694768455,4.999291405423353
3.7495922660302825,5.604515326355367
5.8823330623234105,4.54790966716692
4.529957852240498,5.265878229652047
4.5632802639594034,4.933867385374176
7.099721789166516,4.752974299254003
4.6416598479787785,4.352458194364842
5.744191971499938,4.818775826781897
4.350626961678573,6.321304032273012
6.419603004513638,4.399576434261295
3.1334600486393835,6.007513689836923
4.315370174239996,5.790625599162768
3.0298961822881645,5.892597338299309
3.7888280707192186,5.7307641190665235
5.014273067836434,4.046060580603355
4.59296368707322,5.686318456956701
5.1058944531152335,5.584412980472484
6.976440584515486,3.4357583882889484
6.617212574968624,5.104355937523213
4.101215951676871,3.6696863742610097
4.810879609222966,5.92165011192446
4.872450879622466,6.511154930247347
3.5488243099484413,4.9879110521539465
3.7476065555868807,5.363631882624968
5.8868873900973,4.579238206318947
2.3957861433728658,5.1989481467964955
5.43673855173351,5.404294754961698
6.235782191822153,3.928946320350951
5.68021610545045,6.192507512477975
3.221412415993483,5.319651825918976
4.49582016899233,4.918477326898354
5.347676483538336,4.512771435886448
4.324291920838388,5.0341524174880234
3.912754061137197,3.914174871114815
5.679373282956504,3.851205964841344
5.666312500909213,5.462591292853952
3.2741932712094037,4.322435347664346
6.1941094030473725,4.018834468860319
4.535595737690612,5.462060893251896
5.783390509282596,4.7484611139555035
4.402489805308359,6.422369861698508
6.738899663797579,5.9788580507817946
5.085318142565023,4.191734278359074
4.169555593443435,5.522514105265757
5.418398220888684,6.40159859294643
5.650450092536138,3.4969196982401822
6.0519476177229174,4.0019393726855865
4.616028728047649,5.2502002062516935
6.9956674897839655,8.109918556005361
5.606723059136184,4.8168033812796125
5.53450564848055,5.887655425873836
4.679332374442809,6.795211355912322
5.230070759191403,5.4977430890913945
5.665924252054461,5.421586610614456
5.8389405004696115,4.3827468134530765
4.44169824605397,3.899845767028305
5.439501230620227,5.778936503512113
5.457772866151887,6.674492433347537
4.9944039811709535,5.6687416555925125
3.9082991238606857,4.612900297525599
5.695537757565777,5.849102110743144
4.706033052335818,4.928400748141934
3.4821262533191906,4.6429707991933915
5.890383163519787,5.575205016106566
5.5006657213812105,5.04977368718096
5.007063158628177,4.339678860526553
5.698828420202536,5.42097294438939
5.492018847992799,4.47396515733242
2.846657080128756,6.097152711753695
4.521162543991597,4.13722423595688
5.693478911913995,4.607987360080871
6.0599363840466225,5.617005949576697
5.683569323200477,3.6340442887994655
6.211943985386402,5.261250531233856
4.630722860753797,5.143388467342251
3.22376476710168,5.408652811480671
3.9706284918179278,3.6473297141564656
3.477640813782109,6.112688374989926
4.370736606307212,6.5337277099165
4.464198536947702,3.2926420424070533
3.883475560051341,6.235811620006938
4.844101822063332,4.451712703509399
5.160018225852788,5.501782736167545
6.117398815902461,6.448499229892926
4.640231354210914,3.6739523139179617
4.586534838876724,5.260280506582887
4.036241073789388,4.042849085104957
5.3437878815498845,4.951347648429548
5.032796995411586,4.2415046652999315
4.769599285794234,4.075766855731697
5.8901984111247865,6.035249334723753
3.153812137761906,4.07048913980759
3.5034707449099214,4.3499760655931015
4.916562030209638,3.55035478030147
4.078140186874687,3.996042627918501
5.207267329398944,5.0693443370362505
4.2782624466627475,5.176820872139398
4.453319915412735,4.728344889673947
6.673452090298537,6.340461051790348
3.7004187630724026,5.829732417879175
5.811396554491592,3.8517367112473817
5.818777643754862,6.5379319184125535
3.877455193755586,4.0824971789857365
6.017661466843503,5.271495310825649
5.551476275239524,5.340589216400497
5.3906959209281435,3.6735278716889175
6.047317706621448,6.169589992427773
4.770609255931972,4.956523050186138
3.4688924974442785,5.514254756017835
5.5720574417141435,4.937808983000688
6.1243533598705024,4.665922769020058
5.5646059258936,3.9803356613078837
4.976447849125762,4.825645742097164
5.225307922040941,4.630473071166642
4.868527404328332,5.826047171441506
4.563235762761782,3.3934228992613207
6.749583904205421,6.381454078690487
3.7077373048943816,5.6897078052451935
4.497025229448657,5.263487215331058
5.294224129013494,4.765592199683677
4.216234334413604,4.3094589476837415
4.083808084518758,4.168177791769555
4.932821709950645,4.284240010889248
5.68205206571262,6.487246155335928
4.419946758629957,5.239404500535377
5.499685110302933,5.472002270919273
5.075955267916087,5.742682418359723
5.482248952680657,3.7623375776727013
5.869156064389273,5.887290837266742
4.236713895821419,5.037937835447602
5.683328992811068,4.7906861804206375
6.072978047766013,7.363872494619361
4.214013967365018,3.6189553968462254
5.303818595604875,5.721562505126142
4.769133626155232,6.453260663321034
3.6613942002767517,5.692918623031612
4.394139179241106,6.7193779062072965
6.992515353168117,4.2333434122166524
4.45044286409142,5.859587886979803
4.612869350210485,4.954588782067761
5.02538842054241,3.0803268438023435
4.9861622539057615,4.310272225935826
4.506877177600229,6.443632003468814
3.743493105720744,5.813205186747978
4.721037069668192,4.720239831504165
5.7903718960517105,5.34005129456889
5.5706129972195315,5.96818466053286
4.668691616816678,4.38776326549225
3.9148494734422017,4.174589470021045
7.9490944253087275,6.244679580736786
3.648925633791978,3.67754204325643
5.481866061718493,5.547264797377967
5.548883835317365,4.745044206446302
4.8745457399971,5.327879524159356
5.085893006293331,2.780699627252465
4.770200369424807,4.148593565739686
5.175211418908512,7.98525900260341
5.367481665474305,4.686470313827602
5.921801501977253,5.482687887209213
5.4200944904518416,5.606850593215671
7.056543564829542,3.869111564674085
5.473632076811454,4.0736188700184615
5.5555126463422475,4.0813134885139055
4.582633186394916,4.704910085762093
5.975816719344709,5.918454443942415
3.754282623553616,5.054934110999849
4.290420145250828,3.7414950893246655
4.782982949575628,4.6915172115441806
7.426716486345523,5.4329598253606965
3.6223824992457634,4.4352259958290565
6.0213832954293975,7.088442772869924
3.4140166877620417,3.120075614860955
6.870965175371783,5.389614177370904
4.131707268123634,5.534629086122434
2.3642522609831222,5.003375506597162
5.327821172843085,5.92427013953783
3.9861040477074616,5.085687161403358
4.074575373940412,5.255383755674316
4.104653677636977,4.5918991608397794
4.004184605209772,5.651136241823658
5.858451116656664,4.765379430042586
5.038237994960029,3.551408585366456
4.700323351993212,4.949795382958254
7.620793091029975,3.888032974225837
6.464177238752438,5.996858773465807
5.280636404490137,6.7586204841951325
5.372105472606862,5.3891591956679274
4.946879346982454,6.223568882418628
6.096469233810884,4.374322712503788
3.680752805401233,4.797019362604343
4.199961435602353,4.936475425384645
6.2374381346841385,4.54269834491321
4.9571766186884245,5.058022734808394
5.8484308822052835,2.753110666015395
4.393299705234703,5.211283692279473
6.200078956426862,4.508097552493795
3.1234472939581264,5.619711445966137
4.364637611174372,3.810333340909639
4.375654610286777,4.81547464234415
4.395255335461787,2.7944339429009313
5.897066196887133,6.274875041278722
5.6515219913395045,3.862314329575184
4.798508466052482,4.993478684770542
5.598794389561911,5.668340488718081
4.265826201221504,5.0819955564135615
5.457280404615242,6.455822322146767
5.704506539824723,5.789056687375518
5.083826627929361,6.410459145203504
5.409762795959496,4.138912089826429
6.403369970125191,5.697903272539028
4.5569559788715175,4.520507032600757
5.296575545140762,5.463184795267585
5.197292265631207,5.311308673442885
6.69995737457638,6.071543152234887
5.190635591265023,5.941310580767484
3.9674760964724607,5.397927049946809
6.80930634973311,4.781954104607626
4.152366071380915,4.34791111140694
3.910366962657612,4.215238091872297
4.629491901409971,3.5944329808213578
5.015618333949604,5.902277173786647
4.09224381985308,6.519283923641769
5.5107920885275945,6.030580585624057
4.342165446147863,5.854525227066616
3.908066099604687,5.890247500836508
5.171839339793531,5.5532512199847845
3.8244053943751477,4.1049301577233965
5.597228218253385,4.051651995775798
5.463206292099123,3.632862193539754
5.8481742126666685,3.7674766852314914
5.552299937679523,5.625630933646001
4.303228181570425,5.582026567084726
5.260442263333557,4.461158143807261
3.991445315923792,3.0373743083274216
5.3496500472996935,3.4351972286379446
5.095344199441309,4.736551783917751
5.679142775438195,4.697954500510137
4.6705522136529085,5.731870704288296
5.335058029084117,5.316155957182779
5.469267589808526,3.4644278767928935
5.7567886799869825,5.612468794013601
3.983316871423503,4.755919526325799
4.960692712372369,4.8655032155982685
5.333859966568535,6.431366781831184
6.0817667276728296,3.6877808065685937
5.6220699903060485,6.328933319535411
5.386808520689202,6.090980425185967
7.012270445700764,6.023709546106981
5.249308595641729,6.0450884740847535
5.144887833096892,5.023903043284956
4.648585764286269,6.563413358832108
4.181571334057999,6.532367724678116
5.499864123740371,3.6006938251980585
5.3676492929914215,2.8999734923483764
5.625508016831035,5.885231482988992
4.407644044347946,5.123547695955582
6.954157433750286,4.494253295738064
3.9410924129434,6.481663402462599
6.962587190530795,5.003695671847846
6.011463035408356,6.34147591553088
4.257515767461617,4.514694164632132
6.230874513154736,6.685014278708509
5.562880860174356,4.120185646497946
6.987061111699441,4.469029102188036
4.6648622188285485,5.342337834489621
6.5541604207147754,5.853975976552224
5.414865500361911,5.463288530118106
5.043514668643466,5.558139514518507
2.470439922305697,4.703392540930202
5.241321934916781,3.848985916380493
5.386323317811559,4.795528779013878
6.7554756983154896,6.573019725214857
4.534194430881837,4.8491622884333045
4.926052434391608,4.548340523840377
5.1950249840281275,4.241717931112411
3.8693846650624737,5.622711223900268
5.629529584221811,4.1956842403400065
5.895355430762598,4.368422270834667
5.253165238037981,5.820344012612456
4.966387435296287,5.454740912141133
4.483570356112429,4.803533416571903
4.79414056911966,4.253421653459761
4.823225836884218,3.451381701136253
4.5088462528578965,4.715124506630329
4.74382024750462,4.758502554129222
4.938235800139871,5.479441518086064
5.874517074132522,4.350234773151732
3.796799144610856,3.957955587756897
4.5127970788050735,4.648078682183491
4.230003933802543,3.703883335750105
4.543879172525812,5.181426620113972
5.595029465835565,4.442576946891679
4.587002177856566,4.0733016911526905
4.968560829625224,4.151571365809185
5.5731278132412,3.214133508065889
4.640370327547537,5.301107339191742
5.183834516322504,7.693033663980497
5.349800024567908,3.9959454031579895
4.904535752910927,3.223753666533548
4.919400250703238,4.166943942999241
5.915390275560162,4.450459725404465
4.883234084204753,4.364442158595597
6.738851351853332,4.678757233882088
6.832557043479202,5.814151762118267
5.482066727335386,5.368733147317519
5.393797298216253,3.07232742065439
4.721116605849243,5.845157971184323
4.951102816525895,3.5948101531964247
4.94759554942253,6.704105516255491
6.246891715534719,4.9379959906339685
5.951449277058088,4.633492979631948
3.296128413173281,4.075534011870445
6.562888768508197,4.726006918170697
4.756616020624982,4.70016180372512
6.904136589573008,6.625958915362062
7.2187802334481335,4.840954789599949
5.2956244887470945,3.483357450579209
6.476934426118275,3.832220448732065
5.216775563762629,3.9026974723671564
4.411133173261304,4.162737568950299
4.392124739324181,4.460877296851022
4.451731205074923,5.833333911780307
3.89513720693748,5.220541427013867
6.217959152305559,4.486803635486603
4.282081109252398,4.769475374819749
6.17972520836071,5.194107630953359
4.468785705392403,5.48387665118804
3.897707850163577,5.681359510442947
5.408607307701769,4.692191528861116
4.161414201552768,4.113319077716543
5.534817336345911,6.228980502489063
4.362692252971205,5.4583867035514855
2.9129729813979317,4.415382269342801
4.968941067129098,4.090316583018167
4.063493625210404,4.332220443531114
5.292192728326373,4.812670981593626
2.7617687666750284,2.8792998473649334
4.393134822142825,5.457686586053551
2.2524951572747653,4.500269823848369
4.473752143482579,6.388337778208448
4.614978188287137,5.382988984740927
5.141257140087463,2.8694335201927994
5.768207216631737,5.215396505456288
5.50826863967459,8.926237706436329
2.915887060501412,6.724696649761108
4.712552480599643,5.287328904403009
4.954487754698757,4.575763666601956
4.430167071761241,5.329508735573008
3.4828263033283218,5.7505791675217655
4.583805595114746,3.8699306609596418
4.549987142004187,6.257149216862572
4.4646649129837765,5.35845361820962
4.269043724284527,5.757921849923619
5.685507738790204,6.848608833296412
4.824436054500785,5.6686548047579075
5.0980675395389445,6.295871781863013
4.28116761239127,5.7450053128772804
4.805302703883318,4.935811822891503
5.0917524844483735,5.252240396426678
4.883770956878042,5.214713183170527
6.578118057562183,5.985449685615219
5.869154592496897,4.5444604739761285
4.110759171771677,5.955300558237753
5.876046792529794,6.472670675750983
4.396019374030772,4.770451344639653
3.3605158374745656,4.607528893939128
5.996570510579447,4.533504620771802
5.6404797952008225,4.809496894002188
5.324057028221561,3.8523086101843327
5.0852094496339015,2.0088640290992767
4.813103841838014,3.3695267562848596
6.205994516546816,5.777407352764512
5.466670981966081,6.52100622715938
4.051083479175163,6.747363197915558
5.932191564260385,4.7634447127810535
6.1356201471829435,3.8937064875883665
4.175485838472326,4.3914102767603
4.471022291935983,3.9434423572397472
6.223083067095325,4.741145599630168
5.35250496835688,4.4296486335863205
3.179396699451483,5.270057358391422
3.087745024580223,4.931365953914532
3.631684961167189,6.987275999230808
5.911362722174722,5.10575379127148
6.263706677654668,4.1536840225342635
5.543479378670093,5.1998104337187145
5.26402008133367,6.272353500106767
5.732492102779803,5.288723662825023
3.345112563771704,4.039953704720537
4.877291066404276,5.093372374276651
3.869796275326076,7.4116766755784225
6.516394055253572,5.602118320392483
5.0720368612837445,4.787791030098847
4.0480815399777645,5.077480518518863
5.257752540142751,3.758239424518376
5.3341764172448976,4.844740951175251
